{
  "4param": {
    "C": -23922.802989301243,
    "H": -368.4239764196591,
    "N": -34371.31701546228,
    "O": -47174.242125940684
  },
  "7param": {
    "C": -23926.099208112348,
    "H": -366.78980596785277,
    "N": -34374.45740856078,
    "O": -47176.7014248536,
    "C_prime": -23924.04926166235,
    "N_prime": -34370.60135235998,
    "O_prime": -47173.886509054704
  },
  "hybrid": {
    "C_sp3": -23925.71893998473,
    "C_sp2": -23923.88307349728,
    "C_sp": -23924.183825440352,
    "H": -366.98657150090315,
    "N_sp3": -34375.62297048541,
    "N_sp2": -34371.7786126465,
    "N_sp": -34369.06602433377,
    "O_sp3": -47175.7702044293,
    "O_sp2": -47173.73198670522
  },
  "extended": {
    "C_sp3_3H": -23921.074019364896,
    "C_sp3_2H": -23923.025375962865,
    "C_sp3_1H": -23923.83156373974,
    "C_sp3_0H": -23926.357288815063,
    "C_sp2_2H": -23920.9794587668,
    "C_sp2_1H": -23922.39119287044,
    "C_sp2_0H": -23923.937578713485,
    "C_sp": -23923.7404098002,
    "H": -368.4551384531303,
    "N_sp3": -34373.220789536135,
    "N_sp2": -34371.54378562503,
    "N_sp": -34369.27172020132,
    "O_sp3": -47174.69213036571,
    "O_sp2": -47173.7616942558
  }
}