{
  "4param": {
    "C": -1350.2389811729051,
    "H": -315.18718048875667,
    "N": -1846.5410834948048,
    "O": -2512.2513711863066
  },
  "7param": {
    "C": -1361.76810440342,
    "H": -309.48598834214306,
    "N": -1856.2069105947448,
    "O": -2518.556324131388,
    "C_prime": -1354.561196544258,
    "N_prime": -1844.0802914381306,
    "O_prime": -2511.274022187664
  },
  "hybrid": {
    "C_sp3": -1359.4307420180849,
    "C_sp2": -1353.6106330262865,
    "C_sp": -1350.6827095757442,
    "H": -310.6801511340324,
    "N_sp3": -1844.9237591229837,
    "N_sp2": -1853.3982578439877,
    "N_sp": -1827.1887217199717,
    "O_sp3": -2513.093935867863,
    "O_sp2": -2507.806516682584
  },
  "extended": {
    "C_sp3_3H": -1369.357980160875,
    "C_sp3_2H": -1366.072043813078,
    "C_sp3_1H": -1361.9956444043655,
    "C_sp3_0H": -1358.5459609134894,
    "C_sp2_2H": -1359.2351333214617,
    "C_sp2_1H": -1356.7205522443755,
    "C_sp2_0H": -1353.919986908028,
    "C_sp": -1351.7777526015034,
    "H": -307.4523178151445,
    "N_sp3": -1850.1847684876436,
    "N_sp2": -1853.4697616871688,
    "N_sp": -1827.0829696457242,
    "O_sp3": -2515.5503890210307,
    "O_sp2": -2507.8469661922973
  },
  "_metadata": {
    "method": "xtb",
    "n_conformers": 5,
    "n_molecules": 311
  }
}