{
  "4param": {
    "C": -23922.798202449398,
    "H": -368.42708864168753,
    "N": -34371.31102293964,
    "O": -47174.22236086258
  },
  "7param": {
    "C": -23926.09022764989,
    "H": -366.7947298014333,
    "N": -34374.46049146341,
    "O": -47176.73120471086,
    "C_prime": -23924.04347035773,
    "N_prime": -34370.60284288203,
    "O_prime": -47173.85817704005
  },
  "hybrid": {
    "C_sp3": -23925.70009742925,
    "C_sp2": -23923.873076127707,
    "C_sp": -23924.170283384276,
    "H": -366.99660180526473,
    "N_sp3": -34375.59784633462,
    "N_sp2": -34371.76506577753,
    "N_sp": -34369.088840448814,
    "O_sp3": -47175.7541700115,
    "O_sp2": -47173.717362417854
  },
  "bondorder": {
    "C_1": -23925.99435273295,
    "C_2": -23924.008009404315,
    "C_3": -23924.01373854612,
    "H": -366.84354826470474,
    "N_1": -34375.284028636386,
    "N_2": -34370.781230926834,
    "N_3": -34368.32070199359,
    "O_1": -47176.90174269839,
    "O_2": -47170.75467740048
  },
  "bondorder_ext": {
    "C_1_3H": -23922.785270325232,
    "C_1_2H": -23924.21114342124,
    "C_1_1H": -23924.610270194094,
    "C_1_0H": -23927.10013010522,
    "C_2_2H": -23922.325084640062,
    "C_2_1H": -23922.964522853763,
    "C_2_0H": -23924.138130989526,
    "C_3_1H": -23921.729750485123,
    "C_3_0H": -23925.193935965115,
    "H": -367.8339688479965,
    "N_1": -34374.5816427183,
    "N_2": -34370.72009809332,
    "N_3": -34367.79391591883,
    "O_1": -47176.63549767833,
    "O_2": -47170.91164083661
  },
  "bondorder_ar": {
    "C_1": -23926.059442150075,
    "C_ar": -23924.018940323385,
    "C_2": -23924.215560041517,
    "C_3": -23924.044354973827,
    "H": -366.8054821938425,
    "N_1": -34375.27237915927,
    "N_ar": -34374.86100070213,
    "N_2": -34370.74069007702,
    "N_3": -34368.28178897629,
    "O_1": -47176.80268836932,
    "O_ar": -47173.037668519064,
    "O_2": -47170.849807246115
  },
  "extended": {
    "C_sp3_3H": -23921.01526601144,
    "C_sp3_2H": -23922.979630810405,
    "C_sp3_1H": -23923.802521604997,
    "C_sp3_0H": -23926.36131453432,
    "C_sp2_2H": -23920.936743428294,
    "C_sp2_1H": -23922.375717440267,
    "C_sp2_0H": -23923.91041358178,
    "C_sp": -23923.72509868267,
    "H": -368.47792877042275,
    "N_sp3": -34373.17552966623,
    "N_sp2": -34371.527232575245,
    "N_sp": -34369.28964403637,
    "O_sp3": -47174.66711193036,
    "O_sp2": -47173.748395140174
  },
  "neighbour": {
    "C_sp3_3H": -23924.77891237089,
    "C_sp3_2H": -23925.591968203196,
    "C_sp3_1H": -23925.248414741713,
    "C_sp3_0H": -23926.898187373958,
    "C_sp2_2H": -23923.50201607297,
    "C_sp2_1H": -23923.598798687486,
    "C_sp2_0H": -23924.206452495648,
    "C_sp": -23923.432058185455,
    "H": -367.1628613384013,
    "N_sp3_C": -34375.296346427385,
    "N_sp3_N": -34375.91441210285,
    "N_sp2_C": -34377.66849125889,
    "N_sp2_N": -34374.72648095658,
    "N_sp2_O": -34362.30164710321,
    "N_sp_C": -34371.4653739093,
    "N_sp_N": -34363.908079957386,
    "N_sp_O": -34366.58361558656,
    "O_sp3_C": -47174.88710019143,
    "O_sp3_O": -47177.58923711409,
    "O_sp2_C": -47174.588926254546,
    "O_sp2_N": -47177.993298667265,
    "O_sp2_O": -47173.650474849324
  },
  "_metadata": {
    "optimizer": "xtb",
    "method": "gxtb",
    "n_conformers": 1,
    "n_molecules": 311
  }
}