{
  "4param": {
    "C": -1350.2362114644675,
    "H": -315.1888700766605,
    "N": -1846.5136148318893,
    "O": -2512.2271471090303
  },
  "7param": {
    "C": -1361.7573667563843,
    "H": -309.4921791217223,
    "N": -1856.239065640019,
    "O": -2518.327029058484,
    "C_prime": -1354.5550110094625,
    "N_prime": -1843.978434019452,
    "O_prime": -2511.304518760887
  },
  "hybrid": {
    "C_sp3": -1359.446177958143,
    "C_sp2": -1353.6153290130098,
    "C_sp": -1350.7723693527537,
    "H": -310.6726295139211,
    "N_sp3": -1844.9414183019453,
    "N_sp2": -1853.437501945526,
    "N_sp": -1826.942153109208,
    "O_sp3": -2513.104412189061,
    "O_sp2": -2507.7452491367612
  },
  "bondorder": {
    "C_1": -1361.5632714345554,
    "C_2": -1354.5021110846808,
    "C_3": -1355.3426164920045,
    "H": -309.58046111013704,
    "N_1": -1858.8867294211516,
    "N_2": -1847.0323514638296,
    "N_3": -1817.6587455865824,
    "O_1": -2519.5564591528328,
    "O_2": -2500.01119206728
  },
  "bondorder_ext": {
    "C_1_3H": -1385.2309537422698,
    "C_1_2H": -1376.9051901219937,
    "C_1_1H": -1367.998343625451,
    "C_1_0H": -1360.7243978300676,
    "C_2_2H": -1370.5864275922986,
    "C_2_1H": -1362.051074166184,
    "C_2_0H": -1354.6203214899344,
    "C_3_1H": -1359.3101557188245,
    "C_3_0H": -1357.5251498536384,
    "H": -301.95913704054266,
    "N_1": -1863.8901194635994,
    "N_2": -1846.4442066544566,
    "N_3": -1816.6574335132484,
    "O_1": -2521.9352551854104,
    "O_2": -2497.8693646415454
  },
  "bondorder_ar": {
    "C_1": -1361.6183202269167,
    "C_ar": -1354.5034608140782,
    "C_2": -1354.7997899547445,
    "C_3": -1355.3693662231005,
    "H": -309.544451509461,
    "N_1": -1858.9699213080128,
    "N_ar": -1849.5933083060966,
    "N_2": -1847.0387965994546,
    "N_3": -1817.6055103642746,
    "O_1": -2519.14470881336,
    "O_ar": -2523.1162291668707,
    "O_2": -2500.315765466059
  },
  "extended": {
    "C_sp3_3H": -1369.3641498586765,
    "C_sp3_2H": -1366.0752207709133,
    "C_sp3_1H": -1361.9995304292709,
    "C_sp3_0H": -1358.6557820967885,
    "C_sp2_2H": -1359.2461106137844,
    "C_sp2_1H": -1356.7183137441039,
    "C_sp2_0H": -1353.9319862674124,
    "C_sp": -1351.8688124886617,
    "H": -307.4488314218638,
    "N_sp3": -1850.1948367327952,
    "N_sp2": -1853.5075729772875,
    "N_sp": -1826.8211095921824,
    "O_sp3": -2515.557705001791,
    "O_sp2": -2507.7783671978314
  },
  "neighbour": {
    "C_sp3_3H": -1368.7176113433056,
    "C_sp3_2H": -1365.960120000029,
    "C_sp3_1H": -1362.3947857300077,
    "C_sp3_0H": -1359.9528900982925,
    "C_sp2_2H": -1359.0812748354695,
    "C_sp2_1H": -1356.4610199139538,
    "C_sp2_0H": -1354.8770593591328,
    "C_sp": -1351.9981474272633,
    "H": -307.4671225304987,
    "N_sp3_C": -1851.4121269846235,
    "N_sp3_N": -1849.385467140149,
    "N_sp2_C": -1852.594147752304,
    "N_sp2_N": -1866.7523850050386,
    "N_sp2_O": -1815.2532055287206,
    "N_sp_C": -1826.4157540811727,
    "N_sp_N": -1809.7367501112965,
    "N_sp_O": -1805.1388595779156,
    "O_sp3_C": -2515.2415608205897,
    "O_sp3_O": -2517.2282646546937,
    "O_sp2_C": -2509.4805091858807,
    "O_sp2_N": -2525.4980919718614,
    "O_sp2_O": -2506.3352304077403
  },
  "_metadata": {
    "optimizer": "xtb",
    "method": "xtb",
    "n_conformers": 1,
    "n_molecules": 311
  }
}