{
  "4param": {
    "C": -23923.007140744874,
    "H": -367.76171471206817,
    "N": -34374.508965213165,
    "O": -47173.59638770817
  },
  "7param": {
    "C": -23925.181844972176,
    "H": -366.6826316788929,
    "N": -34376.804813794995,
    "O": -47175.229564403555,
    "C_prime": -23923.83289886712,
    "N_prime": -34373.94083450006,
    "O_prime": -47173.397450744385
  },
  "hybrid": {
    "C_sp3": -23924.563990590836,
    "C_sp2": -23923.577499288323,
    "C_sp": -23922.23099693517,
    "H": -366.99958110825366,
    "N_sp3": -34374.59231071011,
    "N_sp2": -34375.466723791134,
    "N_sp": -34371.7276765584,
    "O_sp3": -47172.96507127794,
    "O_sp2": -47172.96056116033
  },
  "bondorder": {
    "C_1": -23925.04420775239,
    "C_2": -23923.781791179437,
    "C_3": -23921.837618092908,
    "H": -366.7531805973954,
    "N_1": -34377.067150914656,
    "N_2": -34374.138268352166,
    "N_3": -34372.69210696969,
    "O_1": -47174.84963843109,
    "O_2": -47171.90637673791
  },
  "bondorder_ext": {
    "C_1_3H": -23928.292586197822,
    "C_1_2H": -23927.264984354653,
    "C_1_1H": -23925.36364380645,
    "C_1_0H": -23926.520916048685,
    "C_2_2H": -23925.024342921653,
    "C_2_1H": -23924.88792467269,
    "C_2_0H": -23923.66346624439,
    "C_3_1H": -23922.52052362499,
    "C_3_0H": -23922.05449247997,
    "H": -365.711730891174,
    "N_1": -34377.72593050755,
    "N_2": -34373.77937789317,
    "N_3": -34372.665646278874,
    "O_1": -47175.20290178655,
    "O_2": -47171.60207758026
  },
  "bondorder_ar": {
    "C_1": -23925.01112803082,
    "C_ar": -23923.772030700362,
    "C_2": -23923.72422002061,
    "C_3": -23921.821596565904,
    "H": -366.7714668787245,
    "N_1": -34377.0231114806,
    "N_ar": -34375.792111223396,
    "N_2": -34374.09954173892,
    "N_3": -34372.70414049319,
    "O_1": -47174.74552505227,
    "O_ar": -47173.72215006795,
    "O_2": -47172.04209278665
  },
  "extended": {
    "C_sp3_3H": -23924.77363779234,
    "C_sp3_2H": -23924.864395678018,
    "C_sp3_1H": -23923.98456663749,
    "C_sp3_0H": -23925.846753983085,
    "C_sp2_2H": -23922.641417869632,
    "C_sp2_1H": -23923.696572999368,
    "C_sp2_0H": -23923.48064387285,
    "C_sp": -23922.465085768876,
    "H": -366.93607138889223,
    "N_sp3": -34374.63487890841,
    "N_sp2": -34375.263720499745,
    "N_sp": -34371.586684339105,
    "O_sp3": -47172.99852893324,
    "O_sp2": -47172.960346340755
  },
  "neighbour": {
    "C_sp3_3H": -23926.52258319939,
    "C_sp3_2H": -23926.088808459503,
    "C_sp3_1H": -23924.653467802967,
    "C_sp3_0H": -23926.02471355643,
    "C_sp2_2H": -23923.81679430191,
    "C_sp2_1H": -23924.26898519978,
    "C_sp2_0H": -23923.598795029888,
    "C_sp": -23922.324600275224,
    "H": -366.3233382105475,
    "N_sp3_C": -34375.96164525748,
    "N_sp3_N": -34375.40583029852,
    "N_sp2_C": -34377.61760328043,
    "N_sp2_N": -34376.35996168943,
    "N_sp2_O": -34371.49891379362,
    "N_sp_C": -34372.37632166678,
    "N_sp_N": -34370.00546624022,
    "N_sp_O": -34367.57673767783,
    "O_sp3_C": -47173.53512267891,
    "O_sp3_O": -47173.60365936397,
    "O_sp2_C": -47173.939992621185,
    "O_sp2_N": -47174.71794178054,
    "O_sp2_O": -47169.86498895419
  },
  "_metadata": {
    "optimizer": "uma",
    "method": "uma",
    "n_conformers": 1,
    "n_molecules": 311
  }
}