{
  "element": {
    "C": -23922.885232928915,
    "H": -368.34851445593176,
    "N": -34372.182226366705,
    "O": -47173.67881263309,
    "F": -62612.66937302458,
    "S": -249870.50624342985,
    "Cl": -288764.37425081106
  },
  "element_bo": {
    "C": -23925.333927491894,
    "H": -367.15717440617846,
    "N": -34374.64398380904,
    "O": -47174.82034115085,
    "C_prime": -23923.761534483387,
    "N_prime": -34371.96840168335,
    "O_prime": -47173.3002763551,
    "F": -62612.12434736771,
    "S": -249871.5807951947,
    "S_prime": -249870.8696403895,
    "Cl": -288763.8958094428
  },
  "hybrid": {
    "C_sp3": -23924.85868184243,
    "C_sp2": -23923.553019940926,
    "C_sp": -23923.468223350104,
    "H": -367.40328663110995,
    "N_sp3": -34375.20907313598,
    "N_sp2": -34371.40752311683,
    "N_sp": -34373.57690112949,
    "O_sp3": -47173.76411142991,
    "O_sp2": -47173.98718434934,
    "F_sp3": -62612.22639036429,
    "S_sp3": -249870.8635532223,
    "S_sp2": -249870.63060160325,
    "Cl_sp3": -288764.0604737778
  },
  "bondorder": {
    "C_1": -23925.36290195078,
    "C_2": -23923.778355364557,
    "C_3": -23923.48036314225,
    "H": -367.1447504637987,
    "N_1": -34374.95333270916,
    "N_2": -34371.49252986458,
    "N_3": -34374.502757254326,
    "O_1": -47175.125651224414,
    "O_2": -47172.055574923914,
    "F_1": -62612.11633475921,
    "S_1": -249871.93820147918,
    "S_2": -249871.10771447496,
    "Cl_1": -288763.8896095853
  },
  "bondorder_ext": {
    "C_1_3H": -23921.353745114553,
    "C_1_2H": -23923.199674572585,
    "C_1_1H": -23923.918508134542,
    "C_1_0H": -23925.639131182197,
    "C_2_2H": -23921.14808625291,
    "C_2_1H": -23922.435854969735,
    "C_2_0H": -23924.135877109446,
    "C_3_1H": -23920.12280414214,
    "C_3_0H": -23924.58861637391,
    "H": -368.3560553936807,
    "N_1": -34373.90185337169,
    "N_2": -34371.503900000265,
    "N_3": -34373.78485897882,
    "O_1": -47174.66372223597,
    "O_2": -47172.36090397269,
    "F_1": -62612.067360793335,
    "S_1": -249870.98734947556,
    "S_2": -249870.9431825642,
    "Cl_1": -288763.84822937043
  },
  "bondorder_ar": {
    "C_1": -23925.405603672352,
    "C_ar": -23923.779582331725,
    "C_2": -23923.892829411776,
    "C_3": -23923.477821090477,
    "H": -367.1208167141577,
    "N_1": -34374.97961542382,
    "N_ar": -34375.5817277682,
    "N_2": -34371.435719589244,
    "N_3": -34374.52368145284,
    "O_1": -47175.06595288547,
    "O_ar": -47173.95405111162,
    "O_2": -47172.10171375975,
    "F_1": -62612.10127479561,
    "S_1": -249871.9892612631,
    "S_2": -249871.08008166452,
    "Cl_1": -288763.87640445627
  },
  "extended": {
    "C_sp3_3H": -23920.14475231462,
    "C_sp3_2H": -23922.308236457306,
    "C_sp3_1H": -23923.259284068146,
    "C_sp3_0H": -23924.871511017413,
    "C_sp2_2H": -23920.46857088935,
    "C_sp2_1H": -23922.02257860801,
    "C_sp2_0H": -23923.879967886915,
    "C_sp": -23923.131283302937,
    "H": -368.8249483964741,
    "N_sp3": -34373.46788684788,
    "N_sp2": -34371.15861950453,
    "N_sp": -34373.66542301195,
    "O_sp3": -47173.0406218505,
    "O_sp2": -47174.00788063032,
    "F": -62612.274604224054,
    "S_sp3": -249869.33561954857,
    "S_sp2": -249870.66230786138,
    "Cl": -288764.0957576791
  },
  "neighbour": {
    "C_sp3_3H": -23922.331839645867,
    "C_sp3_2H": -23923.837156707057,
    "C_sp3_1H": -23924.031338432764,
    "C_sp3_0H": -23924.978610340444,
    "C_sp2_2H": -23921.846194434103,
    "C_sp2_1H": -23922.734092882292,
    "C_sp2_0H": -23924.003331828084,
    "C_sp": -23923.320359103764,
    "H": -368.0702866581877,
    "N_sp3_C": -34373.79502333805,
    "N_sp3_N": -34374.08091857337,
    "N_sp3_O": -40776.90034667441,
    "N_sp2_C": -34375.19432198021,
    "N_sp2_N": -34372.700569491004,
    "N_sp2_O": -34363.74088911924,
    "N_sp_C": -34374.23047048859,
    "N_sp_N": -34370.999298105846,
    "N_sp_O": -34373.316969540494,
    "O_sp3_C": -47173.501075370405,
    "O_sp3_N": -40776.90034667439,
    "O_sp3_O": -47173.292942540436,
    "O_sp2_C": -47174.14616371071,
    "O_sp2_N": -47177.57044164411,
    "O_sp2_O": -47174.53015892181,
    "F": -62612.1969254227,
    "S_sp3": -249870.29004489267,
    "S_sp2": -249870.54072114025,
    "Cl": -288764.06840341
  },
  "_metadata": {
    "optimizer": "xtb",
    "method": "gxtb",
    "n_conformers": 1,
    "n_molecules": 529
  },
  "_training": {
    "n_molecules": 529,
    "datasets": [
      "Cawkwell et al. 2021 (102 mol, energetic CHNO)",
      "Yalamanchi et al. 2020 (211 mol, cyclic hydrocarbons)",
      "ATcT v1.220 (218 mol, C/H/N/O/F/S/Cl)"
    ]
  },
  "_benchmark": {
    "element": 4.36,
    "element_bo": 4.06,
    "hybrid": 4.10,
    "bondorder": 3.95,
    "bondorder_ext": 3.82
  }
}