{
  "element": {
    "C": -1350.4903215908887,
    "H": -314.94019499978657,
    "N": -1844.3558932781184,
    "O": -2512.9266751640293,
    "F": -2916.444078591646,
    "S": -2045.4857440787193,
    "Cl": -2844.055770078805
  },
  "element_bo": {
    "C": -1361.1387092061318,
    "H": -309.7912196903352,
    "N": -1854.0261525282388,
    "O": -2516.005117574911,
    "C_prime": -1354.2288841627153,
    "N_prime": -1842.8272716560632,
    "O_prime": -2512.0576178284814,
    "F": -2914.2287499525996,
    "S": -2045.5354957512038,
    "S_prime": -2047.473216626495,
    "Cl": -2842.1328091530377
  },
  "hybrid": {
    "C_sp3": -1360.2836016817046,
    "C_sp2": -1354.0128033792093,
    "C_sp": -1352.5246004322364,
    "H": -310.222835976262,
    "N_sp3": -1848.319984555627,
    "N_sp2": -1848.5029677687073,
    "N_sp": -1834.609172540808,
    "O_sp3": -2516.0644973749295,
    "O_sp2": -2510.238973414954,
    "F_sp3": -2914.5828638474773,
    "S_sp3": -2046.0174400940182,
    "S_sp2": -2048.081131369897,
    "Cl_sp3": -2842.2881679980155
  },
  "bondorder": {
    "C_1": -1361.9652787061382,
    "C_2": -1354.7155186091327,
    "C_3": -1353.4434833268222,
    "H": -309.3510975606571,
    "N_1": -1856.3643778815438,
    "N_2": -1845.5502360909259,
    "N_3": -1828.3893865862196,
    "O_1": -2517.672677528673,
    "O_2": -2503.715698055092,
    "F_1": -2914.0263765265104,
    "S_1": -2051.118349147297,
    "S_2": -2049.039271519059,
    "Cl_1": -2842.042465021732
  },
  "bondorder_ext": {
    "C_1_3H": -1382.4586088208873,
    "C_1_2H": -1374.984126127636,
    "C_1_1H": -1366.8659075961355,
    "C_1_0H": -1356.540226243418,
    "C_2_2H": -1367.9954593642358,
    "C_2_1H": -1361.1087168343802,
    "C_2_0H": -1354.4220636395694,
    "C_3_1H": -1356.3307137405009,
    "C_3_0H": -1354.9752140760081,
    "H": -302.9697788607845,
    "N_1": -1860.9063418563935,
    "N_2": -1845.9916629334125,
    "N_3": -1828.1316330433988,
    "O_1": -2519.9003120114576,
    "O_2": -2501.9461634041213,
    "F_1": -2914.3124921650992,
    "S_1": -2056.3525233967594,
    "S_2": -2049.8103323076107,
    "Cl_1": -2842.8220877071417
  },
  "bondorder_ar": {
    "C_1": -1362.0542314762104,
    "C_ar": -1354.7156234954941,
    "C_2": -1354.988748763868,
    "C_3": -1353.4338244206288,
    "H": -309.2998945183695,
    "N_1": -1856.521125431878,
    "N_ar": -1850.3027705694099,
    "N_2": -1845.4716306286632,
    "N_3": -1828.4290740145957,
    "O_1": -2517.5005847828393,
    "O_ar": -2523.6872157625335,
    "O_2": -2503.796159692283,
    "F_1": -2913.987763843189,
    "S_1": -2051.2394638620294,
    "S_2": -2048.983511335008,
    "Cl_1": -2842.0152626428735
  },
  "extended": {
    "C_sp3_3H": -1374.8320068202863,
    "C_sp3_2H": -1369.8373345582193,
    "C_sp3_1H": -1363.839896578739,
    "C_sp3_0H": -1355.3699310103211,
    "C_sp2_2H": -1362.9233594276752,
    "C_sp2_1H": -1358.6373640235722,
    "C_sp2_0H": -1353.825277506332,
    "C_sp": -1353.74896420665,
    "H": -305.62228722813717,
    "N_sp3": -1854.1471334187513,
    "N_sp2": -1849.3166515769142,
    "N_sp": -1834.8091660027394,
    "O_sp3": -2518.121067983937,
    "O_sp2": -2510.344732259279,
    "F": -2914.6964310503818,
    "S_sp3": -2051.234505023103,
    "S_sp2": -2047.9331267592743,
    "Cl": -2842.923467762599
  },
  "neighbour": {
    "C_sp3_3H": -1375.168315820525,
    "C_sp3_2H": -1370.18212592518,
    "C_sp3_1H": -1364.0013759290086,
    "C_sp3_0H": -1355.2582041348528,
    "C_sp2_2H": -1363.1783254140862,
    "C_sp2_1H": -1358.7144582546325,
    "C_sp2_0H": -1354.1096975833889,
    "C_sp": -1354.0499509089082,
    "H": -305.46615261801253,
    "N_sp3_C": -1854.6914244514714,
    "N_sp3_N": -1856.181090795032,
    "N_sp3_O": -2182.7569207517936,
    "N_sp2_C": -1849.962665078714,
    "N_sp2_N": -1854.2261524048681,
    "N_sp2_O": -1829.5353634567277,
    "N_sp_C": -1830.0659045933523,
    "N_sp_N": -1831.556173380765,
    "N_sp_O": -1836.8940650126228,
    "O_sp3_C": -2516.2045613792193,
    "O_sp3_N": -2182.756920751796,
    "O_sp3_O": -2519.568059370125,
    "O_sp2_C": -2510.508574768302,
    "O_sp2_N": -2519.720307251466,
    "O_sp2_O": -2512.734086298778,
    "F": -2914.4964079895913,
    "S_sp3": -2051.817438048197,
    "S_sp2": -2047.7019565918047,
    "Cl": -2842.982237433302
  },
  "_metadata": {
    "optimizer": "xtb",
    "method": "xtb",
    "n_conformers": 1,
    "n_molecules": 528
  }
}