{
  "element": {
    "C": -23922.953622271223,
    "H": -367.77298955193965,
    "N": -34374.35653065295,
    "O": -47173.47924290583,
    "F": -62612.49880618352,
    "S": -249870.20872493068,
    "Cl": -288763.69662169385
  },
  "element_bo": {
    "C": -23924.84332001164,
    "H": -366.85713389837474,
    "N": -34376.48485666538,
    "O": -47173.751806973334,
    "C_prime": -23923.62391193729,
    "N_prime": -34373.80903203089,
    "O_prime": -47173.506748588086,
    "F": -62612.10064274638,
    "S": -249873.9773837189,
    "S_prime": -249869.9071608918,
    "Cl": -288763.38155560364
  },
  "hybrid": {
    "C_sp3": -23924.697123097405,
    "C_sp2": -23923.6449163891,
    "C_sp": -23922.226442214553,
    "H": -366.93077565043586,
    "N_sp3": -34375.2970409298,
    "N_sp2": -34374.797342954174,
    "N_sp": -34372.90341230385,
    "O_sp3": -47173.21346175494,
    "O_sp2": -47173.23072399827,
    "F_sp3": -62612.204873589,
    "S_sp3": -249873.60008705733,
    "S_sp2": -249870.09203940333,
    "Cl_sp3": -288763.49482796935
  },
  "bondorder": {
    "C_1": -23925.140850179643,
    "C_2": -23923.82235836386,
    "C_3": -23922.179523177318,
    "H": -366.7037651109335,
    "N_1": -34376.77938803175,
    "N_2": -34374.20577860462,
    "N_3": -34373.4402665382,
    "O_1": -47174.17722286609,
    "O_2": -47172.30731116748,
    "F_1": -62612.04807229018,
    "S_1": -249873.33590817146,
    "S_2": -249870.2530336298,
    "Cl_1": -288763.3667614643
  },
  "bondorder_ext": {
    "C_1_3H": -23927.119892419854,
    "C_1_2H": -23926.5145042886,
    "C_1_1H": -23924.92970659441,
    "C_1_0H": -23925.657961184545,
    "C_2_2H": -23924.21511245891,
    "C_2_1H": -23924.480189064194,
    "C_2_0H": -23923.716524314965,
    "C_3_1H": -23922.073504992855,
    "C_3_0H": -23922.545002654577,
    "H": -366.1100079932924,
    "N_1": -34377.07720038567,
    "N_2": -34374.119327373046,
    "N_3": -34373.33713212356,
    "O_1": -47174.35790390182,
    "O_2": -47172.13956136203,
    "F_1": -62612.02646620909,
    "S_1": -249873.74524684995,
    "S_2": -249870.3693896168,
    "Cl_1": -288763.36237204715
  },
  "bondorder_ar": {
    "C_1": -23924.985904626312,
    "C_ar": -23923.785876832364,
    "C_2": -23923.553945279917,
    "C_3": -23922.168179422926,
    "H": -366.78840109858317,
    "N_1": -34376.63146168465,
    "N_ar": -34376.17375146946,
    "N_2": -34374.13400554542,
    "N_3": -34373.44652785942,
    "O_1": -47174.06314502375,
    "O_ar": -47174.1276457089,
    "O_2": -47172.50117928691,
    "F_1": -62612.10613228324,
    "S_1": -249873.17540874827,
    "S_2": -249870.2182479115,
    "Cl_1": -288763.42246763874
  },
  "extended": {
    "C_sp3_3H": -23925.650044758866,
    "C_sp3_2H": -23925.50251039531,
    "C_sp3_1H": -23924.287577524698,
    "C_sp3_0H": -23925.172786792125,
    "C_sp2_2H": -23923.54537632421,
    "C_sp2_1H": -23923.974084085792,
    "C_sp2_0H": -23923.60176668328,
    "C_sp": -23922.384686627745,
    "H": -366.6353250620862,
    "N_sp3": -34375.58665459441,
    "N_sp2": -34374.734798732585,
    "N_sp": -34372.88850321693,
    "O_sp3": -47173.319027060184,
    "O_sp2": -47173.22535941614,
    "F": -62612.17225754399,
    "S_sp3": -249873.89719343698,
    "S_sp2": -249870.10124738936,
    "Cl": -288763.4849849509
  },
  "neighbour": {
    "C_sp3_3H": -23926.103177412777,
    "C_sp3_2H": -23925.813188347787,
    "C_sp3_1H": -23924.43145807684,
    "C_sp3_0H": -23925.094428207452,
    "C_sp2_2H": -23923.89622312469,
    "C_sp2_1H": -23924.126944311112,
    "C_sp2_0H": -23923.596312004534,
    "C_sp": -23922.377818863206,
    "H": -366.4823004677049,
    "N_sp3_C": -34375.70675792816,
    "N_sp3_N": -34375.39165436668,
    "N_sp3_O": -40775.646897583465,
    "N_sp2_C": -34375.34837112452,
    "N_sp2_N": -34375.3781234318,
    "N_sp2_O": -34371.10842624716,
    "N_sp_C": -34373.140087228865,
    "N_sp_N": -34372.01339649099,
    "N_sp_O": -34370.83362793236,
    "O_sp3_C": -47173.38577002061,
    "O_sp3_N": -40775.646897583436,
    "O_sp3_O": -47173.45872422261,
    "O_sp2_C": -47173.657859048246,
    "O_sp2_N": -47175.024763067435,
    "O_sp2_O": -47171.02984622435,
    "F": -62612.17182579653,
    "S_sp3": -249874.0212084226,
    "S_sp2": -249870.25819454307,
    "Cl": -288763.48880448105
  },
  "_metadata": {
    "optimizer": "uma",
    "method": "uma",
    "n_conformers": 1,
    "n_molecules": 529
  },
  "_training": {
    "n_molecules": 529,
    "datasets": [
      "Cawkwell et al. 2021 (102 mol, energetic CHNO)",
      "Yalamanchi et al. 2020 (211 mol, cyclic hydrocarbons)",
      "ATcT v1.220 (218 mol, C/H/N/O/F/S/Cl)"
    ]
  },
  "_benchmark": {
    "element": 4.11,
    "element_bo": 3.88,
    "hybrid": 3.59,
    "bondorder": 3.58,
    "bondorder_ext": 3.45
  }
}