{
  "4param": {
    "C": -23922.805758295694,
    "H": -368.4221188369147,
    "N": -34371.40884944552,
    "O": -47174.18136028399
  },
  "7param": {
    "C": -23926.07630598875,
    "H": -366.80069418604944,
    "N": -34374.422829527626,
    "O": -47176.71507304865,
    "C_prime": -23924.041431839607,
    "N_prime": -34370.76546441064,
    "O_prime": -47173.79127857316
  },
  "hybrid": {
    "C_sp3": -23925.698782729443,
    "C_sp2": -23923.876885812344,
    "C_sp": -23924.100658986532,
    "H": -366.9961493898891,
    "N_sp3": -34375.60113154132,
    "N_sp2": -34371.830847777,
    "N_sp": -34369.32792941466,
    "O_sp3": -47175.75746664817,
    "O_sp2": -47173.69327550408
  },
  "extended": {
    "C_sp3_3H": -23920.999538753644,
    "C_sp3_2H": -23922.968790334744,
    "C_sp3_1H": -23923.800790193913,
    "C_sp3_0H": -23926.31305196243,
    "C_sp2_2H": -23920.919281235496,
    "C_sp2_1H": -23922.37199316501,
    "C_sp2_0H": -23923.919969643313,
    "C_sp": -23923.653063293146,
    "H": -368.4825711495693,
    "N_sp3": -34373.1693443003,
    "N_sp2": -34371.595477943316,
    "N_sp": -34369.53733502757,
    "O_sp3": -47174.66493937688,
    "O_sp2": -47173.72601453985
  },
  "_metadata": {
    "method": "gxtb",
    "n_conformers": 5,
    "n_molecules": 311
  }
}