{
  "4param": {
    "C": -1350.2410805101802,
    "H": -315.1856954188487,
    "N": -1846.523291760697,
    "O": -2512.234225837801
  },
  "7param": {
    "C": -1361.7701921453674,
    "H": -309.4851442553637,
    "N": -1856.2596109260103,
    "O": -2518.3163059364647,
    "C_prime": -1354.562767552977,
    "N_prime": -1843.9793863540367,
    "O_prime": -2511.316359272949
  },
  "hybrid": {
    "C_sp3": -1359.4616210324243,
    "C_sp2": -1353.6242197503343,
    "C_sp": -1350.7902182866321,
    "H": -310.6642177248067,
    "N_sp3": -1844.9629870364533,
    "N_sp2": -1853.461168958525,
    "N_sp": -1826.9066276896303,
    "O_sp3": -2513.1182789473028,
    "O_sp2": -2507.7439680694124
  },
  "extended": {
    "C_sp3_3H": -1369.409173057581,
    "C_sp3_2H": -1366.112718155875,
    "C_sp3_1H": -1362.0237387857196,
    "C_sp3_0H": -1358.623361275726,
    "C_sp2_2H": -1359.2795505721826,
    "C_sp2_1H": -1356.729313779746,
    "C_sp2_0H": -1353.958531800386,
    "C_sp": -1351.886456455469,
    "H": -307.43076139071803,
    "N_sp3": -1850.2315793518,
    "N_sp2": -1853.534641733925,
    "N_sp": -1826.7954318594743,
    "O_sp3": -2515.5781192730724,
    "O_sp2": -2507.7773748712566
  }
}