{
  "element": {
    "C": -1350.4808726002273,
    "H": -314.946864399653,
    "N": -1844.3396151852617,
    "O": -2512.9188508177126,
    "F": -2916.4470321141475,
    "S": -2045.4862783330177,
    "Cl": -2844.083829516548
  },
  "element_bo": {
    "C": -1361.1274646176357,
    "H": -309.79758466090493,
    "N": -1854.0033273292122,
    "O": -2516.0008067350586,
    "C_prime": -1354.2213566665716,
    "N_prime": -1842.8121760260854,
    "O_prime": -2512.0501358669867,
    "F": -2914.2352413934136,
    "S": -2045.5221353169259,
    "S_prime": -2047.4760344942674,
    "Cl": -2842.1073468607815
  },
  "hybrid": {
    "C_sp3": -1360.2676823955505,
    "C_sp2": -1354.0034493554463,
    "C_sp": -1352.5170093417066,
    "H": -310.231520878629,
    "N_sp3": -1848.2981685512577,
    "N_sp2": -1848.485100639556,
    "N_sp": -1834.5970132231034,
    "O_sp3": -2516.061892041488,
    "O_sp2": -2510.232667696396,
    "F_sp3": -2914.5895726075546,
    "S_sp3": -2046.0003406174105,
    "S_sp2": -2048.08373859811,
    "Cl_sp3": -2842.2692174331464
  },
  "bondorder": {
    "C_1": -1361.9583466751117,
    "C_2": -1354.70974600573,
    "C_3": -1353.4352189268898,
    "H": -309.35530741761204,
    "N_1": -1856.345146332892,
    "N_2": -1845.5298971935645,
    "N_3": -1828.401081811236,
    "O_1": -2517.670407771775,
    "O_2": -2503.707323461985,
    "F_1": -2914.0319971466242,
    "S_1": -2051.1113173406316,
    "S_2": -2049.0425331664137,
    "Cl_1": -2842.0154764594295
  },
  "bondorder_ext": {
    "C_1_3H": -1382.9467034220477,
    "C_1_2H": -1375.3046344715883,
    "C_1_1H": -1367.0293377770727,
    "C_1_0H": -1356.570656741377,
    "C_2_2H": -1368.330118022004,
    "C_2_1H": -1361.2712120367798,
    "C_2_0H": -1354.4175534459807,
    "C_3_1H": -1356.5053415630255,
    "C_3_0H": -1354.9632087549805,
    "H": -302.80810468275547,
    "N_1": -1861.0348782432532,
    "N_2": -1845.9634964352867,
    "N_3": -1828.1612712956783,
    "O_1": -2519.9611271013987,
    "O_2": -2501.878192095497,
    "F_1": -2914.3064717083575,
    "S_1": -2056.5095243767214,
    "S_2": -2049.836042899802,
    "Cl_1": -2842.802673802791
  },
  "bondorder_ar": {
    "C_1": -1362.0410357325577,
    "C_ar": -1354.7084306900465,
    "C_2": -1354.9723880468252,
    "C_3": -1353.4249486789713,
    "H": -309.30750064204045,
    "N_1": -1856.4957246552124,
    "N_ar": -1850.3213770166558,
    "N_2": -1845.4488466334035,
    "N_3": -1828.440980232902,
    "O_1": -2517.4940419230215,
    "O_ar": -2523.7098319426605,
    "O_2": -2503.795242411371,
    "F_1": -2913.99547464506,
    "S_1": -2051.225964557558,
    "S_2": -2048.985786988738,
    "Cl_1": -2841.9935288312504
  },
  "extended": {
    "C_sp3_3H": -1375.0901650405442,
    "C_sp3_2H": -1370.008271561212,
    "C_sp3_1H": -1363.9263818243453,
    "C_sp3_0H": -1355.3946352239402,
    "C_sp2_2H": -1363.0956143428616,
    "C_sp2_1H": -1358.7256726900519,
    "C_sp2_0H": -1353.8149513824417,
    "C_sp": -1353.7718266635782,
    "H": -305.5364783208257,
    "N_sp3": -1854.264302983439,
    "N_sp2": -1849.3096141079197,
    "N_sp": -1834.79092863592,
    "O_sp3": -2518.1686431198477,
    "O_sp2": -2510.3345298595827,
    "F": -2914.690427976536,
    "S_sp3": -2051.3423078314922,
    "S_sp2": -2047.9342334824657,
    "Cl": -2842.907182180302
  },
  "neighbour": {
    "C_sp3_3H": -1375.5602428566526,
    "C_sp3_2H": -1370.4454664570383,
    "C_sp3_1H": -1364.1374289511828,
    "C_sp3_0H": -1355.2966536279027,
    "C_sp2_2H": -1363.4346164093358,
    "C_sp2_1H": -1358.8471368469097,
    "C_sp2_0H": -1354.1046066941635,
    "C_sp": -1354.0836313975472,
    "H": -305.3341284855906,
    "N_sp3_C": -1854.8815817996067,
    "N_sp3_N": -1856.3243017227514,
    "N_sp3_O": -2182.9549569523015,
    "N_sp2_C": -1850.1188151309805,
    "N_sp2_N": -1854.2536288555089,
    "N_sp2_O": -1829.457829154379,
    "N_sp_C": -1830.0629965631845,
    "N_sp_N": -1831.4780791807318,
    "N_sp_O": -1836.932232770924,
    "O_sp3_C": -2516.2944537845287,
    "O_sp3_N": -2182.954956952302,
    "O_sp3_O": -2519.627420139107,
    "O_sp2_C": -2510.5369624345512,
    "O_sp2_N": -2519.738616243171,
    "O_sp2_O": -2512.7611242242065,
    "F": -2914.485221059861,
    "S_sp3": -2051.976632327378,
    "S_sp2": -2047.6894879515712,
    "Cl": -2842.9618117308232
  },
  "_metadata": {
    "optimizer": "xtb",
    "method": "xtb",
    "n_conformers": 1,
    "n_molecules": 526
  },
  "_training": {
    "n_molecules": 526,
    "datasets": [
      "ATcT_v1.220 (216 mol)",
      "Yalamanchi2020 (208 mol)",
      "Cawkwell2021 (102 mol)"
    ]
  },
  "_benchmark": {
    "element": 11.54,
    "element_bo": 9.12,
    "hybrid": 8.92,
    "bondorder": 7.63,
    "bondorder_ext": 6.53,
    "bondorder_ar": 7.6,
    "extended": 8.44,
    "neighbour": 7.79
  }
}