{
  "element": {
    "C": -23922.950619122974,
    "H": -367.7751368857744,
    "N": -34374.34883587374,
    "O": -47173.48670684711,
    "F": -62612.499052691855,
    "S": -249870.25716876937,
    "Cl": -288763.7081272783
  },
  "element_bo": {
    "C": -23924.813315411277,
    "H": -366.87231274546866,
    "N": -34376.45899842541,
    "O": -47173.73846322755,
    "C_prime": -23923.611543099472,
    "N_prime": -34373.79797021565,
    "O_prime": -47173.52228798825,
    "F": -62612.10746461157,
    "S": -249873.94934085503,
    "S_prime": -249869.95415562953,
    "Cl": -288763.3902484485
  },
  "hybrid": {
    "C_sp3": -23924.66873245084,
    "C_sp2": -23923.633135769116,
    "C_sp": -23922.215283069858,
    "H": -366.9451186576753,
    "N_sp3": -34375.26642933335,
    "N_sp2": -34374.785917886584,
    "N_sp": -34372.911831366255,
    "O_sp3": -47173.20097848363,
    "O_sp2": -47173.241031482015,
    "F_sp3": -62612.21140477516,
    "S_sp3": -249873.5715168466,
    "S_sp2": -249870.12234981178,
    "Cl_sp3": -288763.5065068773
  },
  "bondorder": {
    "C_1": -23925.11685441141,
    "C_2": -23923.812392308442,
    "C_3": -23922.172074887294,
    "H": -366.7158964083913,
    "N_1": -34376.75976356508,
    "N_2": -34374.206371271706,
    "N_3": -34373.44301316596,
    "O_1": -47174.17083354203,
    "O_2": -47172.32029435451,
    "F_1": -62612.05291631676,
    "S_1": -249873.313415808,
    "S_2": -249870.25874271942,
    "Cl_1": -288763.3741153737
  },
  "bondorder_ext": {
    "C_1_3H": -23926.956755980547,
    "C_1_2H": -23926.405853204848,
    "C_1_1H": -23924.873588797305,
    "C_1_0H": -23925.653076975013,
    "C_2_2H": -23924.104213537215,
    "C_2_1H": -23924.426514626637,
    "C_2_0H": -23923.712642847197,
    "C_3_1H": -23922.022572890713,
    "C_3_0H": -23922.540732857276,
    "H": -366.16467560439304,
    "N_1": -34377.0266396464,
    "N_2": -34374.11929327526,
    "N_3": -34373.33430229959,
    "O_1": -47174.33651875262,
    "O_2": -47172.163495899484,
    "F_1": -62612.029889890044,
    "S_1": -249873.68955992733,
    "S_2": -249870.36880226008,
    "Cl_1": -288763.3673930859
  },
  "bondorder_ar": {
    "C_1": -23924.95856280122,
    "C_ar": -23923.774984616437,
    "C_2": -23923.538411631795,
    "C_3": -23922.16048592363,
    "H": -366.8023628919102,
    "N_1": -34376.607537231685,
    "N_ar": -34376.17096851255,
    "N_2": -34374.131926745016,
    "N_3": -34373.44960272465,
    "O_1": -47174.055205053905,
    "O_ar": -47174.133371737014,
    "O_2": -47172.52039580729,
    "F_1": -62612.11236780014,
    "S_1": -249873.14760490757,
    "S_2": -249870.2312635437,
    "Cl_1": -288763.4287890962
  },
  "extended": {
    "C_sp3_3H": -23925.440716115038,
    "C_sp3_2H": -23925.36059236591,
    "C_sp3_1H": -23924.21366571629,
    "C_sp3_0H": -23925.164028375624,
    "C_sp2_2H": -23923.406174449654,
    "C_sp2_1H": -23923.90443764364,
    "C_sp2_0H": -23923.59549113517,
    "C_sp": -23922.360486179085,
    "H": -366.706365335557,
    "N_sp3": -34375.48463758236,
    "N_sp2": -34374.71532283324,
    "N_sp": -34372.89635493638,
    "O_sp3": -47173.27955835102,
    "O_sp2": -47173.235623444736,
    "F": -62612.18030883706,
    "S_sp3": -249873.8047846279,
    "S_sp2": -249870.13311444543,
    "Cl": -288763.49469858134
  },
  "neighbour": {
    "C_sp3_3H": -23925.787084127754,
    "C_sp3_2H": -23925.596986028868,
    "C_sp3_1H": -23924.31787713181,
    "C_sp3_0H": -23925.07706588836,
    "C_sp2_2H": -23923.69608468454,
    "C_sp2_1H": -23924.02174565745,
    "C_sp2_0H": -23923.58728116256,
    "C_sp": -23922.346986426866,
    "H": -366.5903422982357,
    "N_sp3_C": -34375.543482673645,
    "N_sp3_N": -34375.272326915714,
    "N_sp3_O": -40775.48483689933,
    "N_sp2_C": -34375.22673606221,
    "N_sp2_N": -34375.346472775156,
    "N_sp2_O": -34371.14443940538,
    "N_sp_C": -34373.14910835354,
    "N_sp_N": -34372.03509347841,
    "N_sp_O": -34370.80695803265,
    "O_sp3_C": -47173.31125043536,
    "O_sp3_N": -40775.484836899326,
    "O_sp3_O": -47173.418453021026,
    "O_sp2_C": -47173.601237459414,
    "O_sp2_N": -47175.010510256594,
    "O_sp2_O": -47170.81224629694,
    "F": -62612.18310110857,
    "S_sp3": -249873.89367379632,
    "S_sp2": -249870.19659702107,
    "Cl": -288763.501014148
  },
  "_metadata": {
    "optimizer": "uma",
    "method": "uma",
    "n_conformers": 1,
    "n_molecules": 526
  },
  "_training": {
    "n_molecules": 526,
    "datasets": [
      "ATcT_v1.220 (216 mol)",
      "Yalamanchi2020 (208 mol)",
      "Cawkwell2021 (102 mol)"
    ]
  },
  "_benchmark": {
    "element": 3.27,
    "element_bo": 2.99,
    "hybrid": 2.78,
    "bondorder": 2.73,
    "bondorder_ext": 2.59,
    "bondorder_ar": 2.71,
    "extended": 2.69,
    "neighbour": 2.56
  }
}