{
  "element": {
    "C": -23922.882792434677,
    "H": -368.35033150068193,
    "N": -34372.1591819571,
    "O": -47173.68270473252,
    "F": -62612.671712783704,
    "S": -249870.46902389312,
    "Cl": -288764.37259890256
  },
  "element_bo": {
    "C": -23925.330071651508,
    "H": -367.1593611332919,
    "N": -34374.645565391416,
    "O": -47174.812270646595,
    "C_prime": -23923.759461569334,
    "N_prime": -34371.93666206906,
    "O_prime": -47173.308383232805,
    "F": -62612.12709340386,
    "S": -249871.57747840867,
    "S_prime": -249870.80082757704,
    "Cl": -288763.88283933554
  },
  "hybrid": {
    "C_sp3": -23924.853295978715,
    "C_sp2": -23923.55046567222,
    "C_sp": -23923.469374506185,
    "H": -367.40615054179716,
    "N_sp3": -34375.20173201171,
    "N_sp2": -34371.40090660152,
    "N_sp": -34373.47622718739,
    "O_sp3": -47173.763808018215,
    "O_sp2": -47173.98614985565,
    "F_sp3": -62612.22902260863,
    "S_sp3": -249870.85772982187,
    "S_sp2": -249870.62332958105,
    "Cl_sp3": -288764.0502645788
  },
  "bondorder": {
    "C_1": -23925.36433072904,
    "C_2": -23923.778665175945,
    "C_3": -23923.47246340542,
    "H": -367.14427269910846,
    "N_1": -34374.959940711225,
    "N_2": -34371.46143347843,
    "N_3": -34374.51451485885,
    "O_1": -47175.12723990474,
    "O_2": -47172.06158282774,
    "F_1": -62612.11748978439,
    "S_1": -249871.9524152966,
    "S_2": -249871.0170458824,
    "Cl_1": -288763.8750546879
  },
  "bondorder_ext": {
    "C_1_3H": -23921.15967257118,
    "C_1_2H": -23923.074837918117,
    "C_1_1H": -23923.860011639863,
    "C_1_0H": -23925.669479419008,
    "C_2_2H": -23921.023061562755,
    "C_2_1H": -23922.368120134048,
    "C_2_0H": -23924.147668021167,
    "C_3_1H": -23920.091157597664,
    "C_3_0H": -23924.56166807427,
    "H": -368.41875649279234,
    "N_1": -34373.86050154909,
    "N_2": -34371.472310812365,
    "N_3": -34373.80207584001,
    "O_1": -47174.64276111688,
    "O_2": -47172.3824334537,
    "F_1": -62612.06676142984,
    "S_1": -249870.94493441915,
    "S_2": -249870.84400888006,
    "Cl_1": -288763.82688072714
  },
  "bondorder_ar": {
    "C_1": -23925.40175143028,
    "C_ar": -23923.778703435073,
    "C_2": -23923.88390217082,
    "C_3": -23923.46950495659,
    "H": -367.1232178793991,
    "N_1": -34374.981390761925,
    "N_ar": -34375.59240012575,
    "N_2": -34371.402311516074,
    "N_3": -34374.535579030126,
    "O_1": -47175.06398469528,
    "O_ar": -47173.96668521245,
    "O_2": -47172.114162469574,
    "F_1": -62612.104307661,
    "S_1": -249871.99790875262,
    "S_2": -249870.98875360616,
    "Cl_1": -288763.8649080031
  },
  "extended": {
    "C_sp3_3H": -23919.9015638633,
    "C_sp3_2H": -23922.147200918364,
    "C_sp3_1H": -23923.180767212445,
    "C_sp3_0H": -23924.886478943008,
    "C_sp2_2H": -23920.315268147304,
    "C_sp2_1H": -23921.938228690527,
    "C_sp2_0H": -23923.886814973976,
    "C_sp": -23923.110236602766,
    "H": -368.90546343434374,
    "N_sp3": -34373.35629696307,
    "N_sp2": -34371.14020731386,
    "N_sp": -34373.56685465446,
    "O_sp3": -47173.0018772896,
    "O_sp2": -47174.00751741144,
    "F": -62612.280181591814,
    "S_sp3": -249869.23584699834,
    "S_sp2": -249870.66000657715,
    "Cl": -288764.0826890443
  },
  "neighbour": {
    "C_sp3_3H": -23922.08798067484,
    "C_sp3_2H": -23923.674932286354,
    "C_sp3_1H": -23923.95163791911,
    "C_sp3_0H": -23924.99198110774,
    "C_sp2_2H": -23921.69444659005,
    "C_sp2_1H": -23922.649846545148,
    "C_sp2_0H": -23924.009651217257,
    "C_sp": -23923.296097929888,
    "H": -368.1513994744115,
    "N_sp3_C": -34373.67936341812,
    "N_sp3_N": -34373.99497359409,
    "N_sp3_O": -40776.77867742499,
    "N_sp2_C": -34375.10825944953,
    "N_sp2_N": -34372.68605809188,
    "N_sp2_O": -34363.71569644528,
    "N_sp_C": -34374.255030492575,
    "N_sp_N": -34370.785278920644,
    "N_sp_O": -34373.276324270904,
    "O_sp3_C": -47173.45380288437,
    "O_sp3_N": -40776.778677425,
    "O_sp3_O": -47173.258538826194,
    "O_sp2_C": -47174.10625949089,
    "O_sp2_N": -47177.579243939654,
    "O_sp2_O": -47174.58407947563,
    "F": -62612.20175478462,
    "S_sp3": -249870.19673713722,
    "S_sp2": -249870.5809500685,
    "Cl": -288764.0547178852
  },
  "_metadata": {
    "optimizer": "xtb",
    "method": "gxtb",
    "n_conformers": 1,
    "n_molecules": 526
  },
  "_training": {
    "n_molecules": 526,
    "datasets": [
      "ATcT_v1.220 (216 mol)",
      "Yalamanchi2020 (208 mol)",
      "Cawkwell2021 (102 mol)"
    ]
  },
  "_benchmark": {
    "element": 4.37,
    "element_bo": 4.07,
    "hybrid": 4.11,
    "bondorder": 3.95,
    "bondorder_ext": 3.82,
    "bondorder_ar": 3.94,
    "extended": 3.98,
    "neighbour": 3.75
  }
}